Title,Category,Story,Moral,Contributor,Status
ஞானப்பழம்,முருகன்,"நாரத முனிவர் ஒரு நாள் கயிலாயத்திற்கு வந்தார். சிவபெருமானிடம் ஒரு ஞானப்பழத்தைக் கொடுத்தார். ""இதை உண்பவர் அனைத்து அறிவும் பெறுவார்"" என்றார்.

பழம் ஒன்றுதான். மகன்கள் இருவர். சிவனும் பார்வதியும் ஒரு போட்டி வைத்தார்கள். ""உலகை முதலில் சுற்றி வருபவருக்கு இந்தப் பழம்.""

முருகன் உடனே தன் மயில் மீது ஏறி உலகைச் சுற்றப் புறப்பட்டார். விநாயகர் அசையவில்லை. சிறிது நேரம் யோசித்தார். பிறகு எழுந்து, தன் தாய் தந்தையை மூன்று முறை வலம் வந்து, அவர்கள் காலில் விழுந்து வணங்கினார்.

""பெற்றோரே உலகம். அவர்களை வலம் வந்தால் உலகை வலம் வந்ததற்குச் சமம்"" என்றார்.

முருகன் திரும்பி வந்தபோது பழம் அண்ணனிடம் இருந்தது. கோபமும் வருத்தமும் கொண்டு, அணிந்திருந்த ஆபரணங்களைக் களைந்து, கோவணம் மட்டும் அணிந்து பழனி மலைக்குச் சென்று தனியே நின்றார். ""நீயே ஞானப் பழம்"" — பழம் நீ — என்று சிவனும் பார்வதியும் சமாதானம் செய்ததால் அந்த ஊர் பழநி என்று பெயர் பெற்றது.","பெற்றோரை விட உயர்ந்த தெய்வம் இல்லை. உலகைச் சுற்றித் தேடும் அறிவு, வீட்டிலேயே கால் அடியில் இருக்கிறது.",பாரம்பரியக் கதை,published
அவ்வையாரும் நாவல் பழமும்,பணிவு,"அவ்வையார் தமிழ் உலகம் போற்றும் புலவர். ஒரு நாள் வெயிலில் நடந்து களைத்து, ஒரு நாவல் மரத்தடியில் அமர்ந்தார். மரத்தின் மேல் ஒரு சிறுவன் இருந்தான்.

""பாட்டி, பசிக்கிறதா? பழம் வேண்டுமா?"" என்று கேட்டான்.
""ஆம் தம்பி, போடு"" என்றார் அவ்வையார்.
""சுட்ட பழம் வேண்டுமா, சுடாத பழம் வேண்டுமா?"" என்று கேட்டான் சிறுவன்.

அவ்வையார் சிரித்தார். ""பழத்தை எப்படிச் சுடுவது? சரி, சுடாத பழமே போடு"" என்றார்.

சிறுவன் மரத்தை உலுக்கினான். பழங்கள் மணலில் விழுந்தன. அவ்வையார் ஒரு பழத்தை எடுத்து, மணல் ஒட்டியிருந்ததால் ஊதி ஊதிச் சுத்தம் செய்து உண்டார்.

""பாட்டி, பழம் சுடுகிறதா? ஏன் ஊதுகிறீர்கள்?"" என்று சிறுவன் கேட்டான்.

அவ்வையார் திடுக்கிட்டார். தன் அறிவு பற்றிய இறுமாப்பு அந்தக் கணத்தில் உடைந்தது. கண்களில் நீர் வழிய நிமிர்ந்து பார்த்தபோது, மரத்தின் மேல் இருந்தது முருகப் பெருமான்.

""கற்றது கைமண் அளவு, கல்லாதது உலகளவு"" — அன்று அவர் சொன்ன வார்த்தை இன்றும் நிற்கிறது.","அறிவு எவ்வளவு இருந்தாலும் அது ஒரு கைப்பிடி மண்ணே. தெரியாதது உலகம் அளவு. கற்றவர் முதலில் கற்க வேண்டியது பணிவு.",பாரம்பரியக் கதை,published
வள்ளியின் காத்திருப்பு,பக்தி,"வேடுவர் குலத்தில் வளர்ந்த வள்ளி, தினைப்புனம் காக்கும் வேலையைச் செய்து வந்தாள். கிளிகள் தினையைக் கொத்தாமல் இருக்க, பரண் மேல் அமர்ந்து காவல் காப்பாள். ஆனால் அவள் மனம் முழுவதும் முருகன் மேல்.

முருகன் அவளை ஏற்பதற்கு முன், பல வடிவங்களில் வந்தார். வேடனாக வந்தார் — அவள் அஞ்சவில்லை. முதியவராக வந்து பசி என்றார் — அவள் தன் உணவைக் கொடுத்தாள். யானை வந்து அச்சுறுத்தியது — அவள் ஓடினாலும் நம்பிக்கையை விடவில்லை.

வேலனாக நின்று ""என்னை ஏன் இவ்வளவு நாள் வழிபடுகிறாய்?"" என்று கேட்டபோது, வள்ளி சொன்னாள்: ""நீ வருவாய் என்று எனக்குத் தெரியும். எப்போது என்று தெரியாது. அதனால் ஒவ்வொரு நாளும் காத்திருக்கிறேன்.""

அந்தக் காத்திருப்பே அவளுக்கு அருள் பெற்றுத் தந்தது.","உண்மையான பக்தி என்பது உடனே பலன் கேட்பது அல்ல. கிடைக்கும் வரை நம்பிக்கை இழக்காமல் காத்திருப்பதே அது. படிப்பும் அப்படித்தான் — பலன் தாமதமாக வரும், ஆனால் வரும்.",பாரம்பரியக் கதை,published
நக்கீரரின் உண்மை,உண்மை,"மதுரைத் தமிழ்ச் சங்கத்தில் நக்கீரர் தலைமைப் புலவர். கூர்மையான விமர்சனத்திற்குப் பெயர் பெற்றவர்.

ஒரு நாள் ஒரு பாடல் சங்கத்தில் வைக்கப்பட்டது. ""பெண்ணின் கூந்தலுக்கு இயற்கையிலேயே மணம் உண்டு"" என்று அதில் ஒரு வரி இருந்தது. நக்கீரர் எழுந்தார். ""இது தவறு. கூந்தலுக்கு இயற்கை மணம் இல்லை"" என்றார்.

பாடலை எழுதியவர் சிவபெருமானே. அவர் நேரில் வந்து, ""நான் சொல்வதும் தவறா?"" என்றார்.
""பாடலில் பிழை இருந்தால் யார் சொன்னாலும் பிழைதான்"" என்றார் நக்கீரர்.

சிவன் தன் நெற்றிக்கண்ணைத் திறந்தார். ""இப்போது?""
""நெற்றிக்கண்ணைக் காட்டினாலும் குற்றம் குற்றமே"" என்றார் நக்கீரர்.

தண்டனையாக அவர் பொற்றாமரைக் குளத்தில் தள்ளப்பட்டார். பின்னர் முருகப் பெருமான் வந்து அவரை மீட்டார். ஏனெனில் உண்மையைச் சொன்னவனை இறைவன் கைவிடுவதில்லை.","அதிகாரம் உள்ளவர் சொன்னாலும் தவறு தவறுதான். உண்மையைச் சொல்ல அஞ்சாதே. உண்மையைச் சொல்பவனுக்கு இறையருள் துணை நிற்கும்.",பாரம்பரியக் கதை,published
அணிலின் பங்கு,உதவி,"இராமன் இலங்கைக்குச் செல்ல கடலில் பாலம் கட்டிக் கொண்டிருந்தான். வானரங்கள் பெரிய பெரிய பாறைகளைத் தூக்கிக் கொண்டு வந்து போட்டன.

அப்போது ஒரு சிறிய அணில் வந்தது. அது கடற்கரை மணலில் புரண்டு, தன் உடம்பில் ஒட்டிய மணலைக் கொண்டு போய் பாறைகளுக்கு இடையில் உதிர்த்தது. மீண்டும் ஓடிச் சென்று புரண்டு வந்தது. மீண்டும் மீண்டும்.

ஒரு வானரம் சிரித்தது. ""நாங்கள் மலையைத் தூக்குகிறோம். நீ கொஞ்சம் மணல் கொண்டு வருகிறாய். இதனால் என்ன பயன்?""

அணில் சொன்னது: ""என்னால் முடிந்தது இவ்வளவுதான். இதைச் செய்யாமல் இருந்தால் என் பங்கு பூஜ்யம்.""

இராமன் அதைக் கேட்டான். அணிலைக் கையில் எடுத்து முதுகில் தடவினான். அந்த மூன்று விரல் தடம்தான் இன்றும் அணிலின் முதுகில் இருக்கும் மூன்று கோடுகள்.","கொடுப்பது எவ்வளவு என்பது முக்கியமல்ல; கொடுத்தாயா என்பதே முக்கியம். பத்து ரூபாயும் ஒரு பாலத்தின் பகுதிதான்.",பாரம்பரியக் கதை,published
இடும்பன் சுமந்த மலை,பணிவு,"இடும்பன் என்ற வலிமையான அசுரன் இருந்தான். அகத்தியர் அவனிடம், ""சிவகிரி, சக்திகிரி என்ற இரு மலைகளைத் தென்னாட்டிற்குக் கொண்டு வா"" என்றார்.

இடும்பன் இரு மலைகளையும் காவடி போல் தோளில் கட்டித் தூக்கிக் கொண்டு வந்தான். வழியில் பழநி வந்தபோது சற்று இளைப்பாற மலைகளை இறக்கி வைத்தான்.

புறப்படும் நேரம் வந்தது. மலையைத் தூக்க முயன்றான் — அசையவில்லை. மீண்டும் மீண்டும் முயன்றான். முடியவில்லை.

மேலே பார்த்தான். மலை உச்சியில் கோவணம் அணிந்த ஒரு சிறுவன் நின்று கொண்டிருந்தான். ""இது என் மலை"" என்றான் சிறுவன்.

கோபம் கொண்ட இடும்பன் சண்டையிட்டான். தோற்றான். விழுந்தான். அப்போதுதான் அந்தச் சிறுவன் முருகப் பெருமான் என்று உணர்ந்தான்.

மன்னிப்புக் கேட்டான். முருகன் அவனை மன்னித்ததோடு, ""இனி என்னைக் காண வருபவர் காவடி எடுத்து வரட்டும். உன் பெயரால் நீ வாசலில் காவல் இருப்பாய்"" என்று அருளினார்.","வலிமை இருந்தால் மட்டும் போதாது. எதிரே இருப்பது யார் என்று அறியும் பணிவும் வேண்டும். தவறை உணர்ந்து மன்னிப்புக் கேட்பவனுக்கு உயர்ந்த இடம் கிடைக்கும்.",பாரம்பரியக் கதை,published
